{"Республика Адыгея": {"cx": 39.119648, "cy": 360.23901, "r": 10.09998, "dx": 401.39909, "dy": 52.9479}, "Республика Алтай": {"cx": 451.25653, "cy": 508.5773, "r": 7.0045824, "dx": 352.65591, "dy": 10.96128}, "Республика Башкортостан": {"cx": 238.36339, "cy": 357.77768, "r": 30.236418, "dx": 399.06641, "dy": 45.76916}, "Республика Бурятия": {"cx": 624.46991, "cy": 478.12198, "r": 14.883379, "dx": 352.65591, "dy": 10.96128}, "Республика Дагестан": {"cx": 70.463074, "cy": 428.52554, "r": 26.255936, "dx": 340.73626, "dy": 149.2633}, "Республика Ингушетия": {"cx": 57.935856, "cy": 413.31097, "r": 10.479012, "dx": 384.08557, "dy": 90.86318}, "Кабардино-Балкарская Республика": {"cx": 51.02837, "cy": 400.11456, "r": 13.957482, "dx": 352.65591, "dy": 47.15671}, "Республика Калмыкия": {"cx": 88.357124, "cy": 375.75644, "r": 7.8719707, "dx": 356.99936, "dy": 27.85248}, "Карачаево-Черкесская Республика": {"cx": 42.448288, "cy": 384.74069, "r": 10.242979, "dx": 346.38203, "dy": 24.47425}, "Республика Карелия": {"cx": 236.23788, "cy": 157.82898, "r": 11.834648, "dx": 308.8571, "dy": -30.27455}, "Республика Коми": {"cx": 314.05795, "cy": 239.67738, "r": 13.754869, "dx": 335.97048, "dy": -25.90833}, "Республика Крым": {"cx": 14.62012, "cy": 311.29221, "r": 20.75065, "dx": 197.04413, "dy": -64.11456}, "Республика Марий Эл": {"cx": 205.422, "cy": 287.77432, "r": 12.390517, "dx": 466.63468, "dy": 66.92691}, "Республика Мордовия": {"cx": 164.36264, "cy": 290.21521, "r": 13.458737, "dx": 427.73175, "dy": -48.41689}, "Республика Саха (Якутия)": {"cx": 688.13391, "cy": 189.36598, "r": 14.730046, "dx": 251.64478, "dy": 68.29192}, "Республика Северная Осетия — Алания": {"cx": 53.724808, "cy": 409.29221, "r": 12.565712, "dx": 339.40554, "dy": 103.9444}, "Республика Татарстан": {"cx": 208.55058, "cy": 313.75031, "r": 29.60091, "dx": 543.27502, "dy": -58.55475}, "Республика Тыва": {"cx": 516.29431, "cy": 506.26062, "r": 8.5080814, "dx": 400.91647, "dy": 18.68297}, "Удмуртская Республика": {"cx": 234.94347, "cy": 308.26587, "r": 18.450878, "dx": 478.91983, "dy": 58.73681}, "Республика Хакасия": {"cx": 494.98602, "cy": 467.19876, "r": 10.997292, "dx": 400.91647, "dy": 18.68297}, "Чеченская Республика": {"cx": 65.387451, "cy": 417.8291, "r": 17.981121, "dx": 423.94193, "dy": 116.3408}, "Чувашская Республика": {"cx": 188.9433, "cy": 295.12015, "r": 16.643356, "dx": 377.22617, "dy": 22.31456}, "Алтайский край": {"cx": 415.55692, "cy": 471.94409, "r": 22.994955, "dx": 380.64704, "dy": 18.68297}, "Забайкальский край": {"cx": 635.47125, "cy": 520.25641, "r": 15.536452, "dx": 352.65591, "dy": 10.96128}, "Камчатский край": {"cx": 1011.4944, "cy": 217.04741, "r": 8.4261694, "dx": -204.27035, "dy": 0.0411855}, "Краснодарский край": {"cx": 45.516506, "cy": 331.69046, "r": 35.507317, "dx": 198.53215, "dy": 3.833416}, "Красноярский край": {"cx": 484.64282, "cy": 230.52728, "r": 25.440359, "dx": 352.65591, "dy": 10.96128}, "Пермский край": {"cx": 267.91818, "cy": 306.14917, "r": 24.294083, "dx": 535.3019, "dy": -82.81321}, "Приморский край": {"cx": 876.41278, "cy": 562.20062, "r": 20.746887, "dx": -4.9781394, "dy": -73.66965}, "Ставропольский край": {"cx": 63.112686, "cy": 385.02289, "r": 25.102821, "dx": 423.85914, "dy": 85.74852}, "Хабаровский край": {"cx": 913.70593, "cy": 502.43185, "r": 17.287798, "dx": -40.468528, "dy": -38.17924}, "Амурская область": {"cx": 792.80786, "cy": 438.39697, "r": 13.403186, "dx": 128.79339, "dy": 24.61143}, "Архангельская область": {"cx": 378.23099, "cy": 173.58548, "r": 16.120834, "dx": 359.57049, "dy": 10.68023}, "Астраханская область": {"cx": 111.4596, "cy": 390.10913, "r": 15.130785, "dx": 384.99049, "dy": 7.583045}, "Белгородская область": {"cx": 86.136566, "cy": 283.43063, "r": 18.674103, "dx": 243.39197, "dy": 76.99891}, "Брянская область": {"cx": 89.738945, "cy": 232.66518, "r": 16.506695, "dx": 322.25173, "dy": -24.75153}, "Владимирская область": {"cx": 158.95363, "cy": 248.58925, "r": 17.61039, "dx": 386.78129, "dy": -16.33902}, "Волгоградская область": {"cx": 113.93067, "cy": 338.57367, "r": 23.817789, "dx": 275.53255, "dy": 14.37382}, "Вологодская область": {"cx": 202.83546, "cy": 213.71632, "r": 16.271294, "dx": 414.77241, "dy": -71.59029}, "Воронежская область": {"cx": 106.56632, "cy": 298.98553, "r": 22.915012, "dx": 270.07249, "dy": -12.24397}, "Ивановская область": {"cx": 178.16624, "cy": 248.66197, "r": 15.109446, "dx": 437.96937, "dy": -20.43407}, "Иркутская область": {"cx": 624.0556, "cy": 406.69781, "r": 23.2582, "dx": 352.65591, "dy": 10.96128}, "Калининградская область": {"cx": 70.314613, "cy": 121.73184, "r": 14.959437, "dx": -30.119256, "dy": -3.769589}, "Калужская область": {"cx": 123.30705, "cy": 234.00981, "r": 15.090895, "dx": 342.03859, "dy": -16.54724}, "Кемеровская область": {"cx": 464.68112, "cy": 447.92523, "r": 24.624121, "dx": 382.57747, "dy": 10.96128}, "Кировская область": {"cx": 231.2505, "cy": 276.50397, "r": 16.992014, "dx": 429.96739, "dy": -70.30808}, "Костромская область": {"cx": 201.79381, "cy": 245.12418, "r": 12.031122, "dx": 439.08662, "dy": -56.66201}, "Курганская область": {"cx": 298.95166, "cy": 381.18466, "r": 13.792963, "dx": 377.75141, "dy": 18.68297}, "Курская область": {"cx": 90.98262, "cy": 262.61011, "r": 15.840717, "dx": 277.85202, "dy": -22.33851}, "Ленинградская область": {"cx": 156.62799, "cy": 143.52454, "r": 20.201698, "dx": 370.02972, "dy": -28.61238}, "Липецкая область": {"cx": 118.14738, "cy": 276.23804, "r": 16.087114, "dx": 330.13314, "dy": 12.32629}, "Магаданская область": {"cx": 907.85034, "cy": 259.60818, "r": 5.6938982, "dx": -32.278412, "dy": -19.06904}, "Московская область": {"cx": 143.40466, "cy": 237.33348, "r": 41.088463, "dx": 178.91436, "dy": -358.2016}, "Мурманская область": {"cx": 262.61984, "cy": 130.32413, "r": 13.021149, "dx": 339.25195, "dy": -51.89843}, "Нижегородская область": {"cx": 182.93626, "cy": 275.5127, "r": 26.978125, "dx": 474.39162, "dy": 11.01115}, "Новгородская область": {"cx": 155.20476, "cy": 183.52579, "r": 11.681485, "dx": 359.89498, "dy": -21.85591}, "Новосибирская область": {"cx": 404.08041, "cy": 429.38654, "r": 25.04977, "dx": 352.65591, "dy": 10.96128}, "Омская область": {"cx": 356.93228, "cy": 407.47202, "r": 21.000435, "dx": 344.93421, "dy": 69.83919}, "Оренбургская область": {"cx": 210.27905, "cy": 384.84845, "r": 21.094715, "dx": 347.87835, "dy": 55.32427}, "Орловская область": {"cx": 105.84702, "cy": 256.46756, "r": 12.966517, "dx": 325.62997, "dy": -15.58202}, "Пензенская область": {"cx": 152.27888, "cy": 302.15823, "r": 17.309603, "dx": 374.49616, "dy": 37.57908}, "Псковская область": {"cx": 126.52582, "cy": 169.04753, "r": 11.967575, "dx": 350.24289, "dy": -22.33851}, "Ростовская область": {"cx": 61.035316, "cy": 329.05038, "r": 30.815609, "dx": 236.62959, "dy": -107.1125}, "Рязанская область": {"cx": 133.01837, "cy": 256.46524, "r": 15.884951, "dx": 420.90666, "dy": 51.9117}, "Самарская область": {"cx": 188.84061, "cy": 334.11469, "r": 26.805609, "dx": 341.05326, "dy": 70.33946}, "Саратовская область": {"cx": 150.75037, "cy": 338.17026, "r": 23.540684, "dx": 307.29096, "dy": 23.50903}, "Сахалинская область": {"cx": 998.64343, "cy": 456.5744, "r": 10.501939, "dx": -212.46044, "dy": -49.09937}, "Свердловская область": {"cx": 293.49799, "cy": 331.13333, "r": 31.195875, "dx": 479.47003, "dy": -8.342943}, "Смоленская область": {"cx": 114.29895, "cy": 212.687, "r": 14.615173, "dx": 322.73434, "dy": -39.22972}, "Тамбовская область": {"cx": 130.17924, "cy": 290.58459, "r": 15.249564, "dx": 357.43345, "dy": 30.754}, "Тверская область": {"cx": 149.30614, "cy": 209.26962, "r": 16.996218, "dx": 353.13851, "dy": -10.75598}, "Томская область": {"cx": 441.97473, "cy": 391.67236, "r": 15.576039, "dx": 352.65591, "dy": 10.96128}, "Тульская область": {"cx": 126.56973, "cy": 252.17433, "r": 18.321228, "dx": 377.90869, "dy": 14.37382}, "Тюменская область": {"cx": 344.04861, "cy": 373.40012, "r": 28.823427, "dx": 388.53433, "dy": 32.59573},